{"stats":{"minecraft:custom":{"minecraft:mob_kills":44,"minecraft:interact_with_crafting_table":35,"minecraft:damage_dealt_resisted":130,"minecraft:leave_game":7,"minecraft:time_since_death":7296,"minecraft:damage_resisted":186,"minecraft:sprint_one_cm":245203,"minecraft:walk_one_cm":330480,"minecraft:damage_blocked_by_shield":420,"minecraft:drop":9,"minecraft:play_time":129130,"minecraft:deaths":27,"minecraft:sneak_time":8485,"minecraft:walk_under_water_one_cm":14390,"minecraft:boat_one_cm":822,"minecraft:jump":395,"minecraft:walk_on_water_one_cm":2710,"minecraft:total_world_time":129130,"minecraft:interact_with_furnace":13,"minecraft:sleep_in_bed":1,"minecraft:time_since_rest":7322,"minecraft:damage_taken":20107768,"minecraft:damage_absorbed":126,"minecraft:damage_dealt":11566,"minecraft:fly_one_cm":121932,"minecraft:open_chest":168,"minecraft:crouch_one_cm":18088,"minecraft:fall_one_cm":3173},"minecraft:killed_by":{"minecraft:spider":1,"minecraft:enderman":1,"arphex:hornet_harbinger":1,"the_rake:the_rake":1,"cartoon_dweller:cartoon_dweller":2,"bwrtherain:vapor":2,"rolling_giant:angry_rolling_giant":2,"arphex:solifuge_skulker":1,"rolling_giant:rolling_giant_moving":1,"bwrtherain:rosemary":2,"minecraft:skeleton":4,"minecraft:zombie":1,"mokey:mokey":1},"minecraft:picked_up":{"twm:copper_pickaxe":4,"minecraft:clay_ball":28,"twm:copper_sword":3,"minecraft:amethyst_block":41,"minecraft:oak_trapdoor":18,"minecraft:string":2,"minecraft:raw_copper":115,"minecraft:iron_axe":1,"minecraft:flint_and_steel":7,"minecraft:deepslate_tiles":20,"minecraft:cobbled_deepslate":86,"minecraft:candle":46,"twm:copper_axe":10,"minecraft:calcite":30,"minecraft:wooden_shovel":1,"minecraft:iron_pickaxe":7,"minecraft:chest":9,"minecraft:raw_copper_block":2,"minecraft:dark_oak_sapling":1,"minecraft:stick":15,"minecraft:raw_iron":55,"minecraft:oak_fence":21,"minecraft:copper_ingot":14,"minecraft:bowl":6,"minecraft:amethyst_cluster":3,"minecraft:diorite":6,"minecraft:vine":2,"minecraft:arrow":18,"minecraft:rotten_flesh":12,"minecraft:deepslate_bricks":46,"minecraft:cobblestone":34,"minecraft:birch_log":14,"minecraft:andesite":26,"arphex:ectoplasm":1,"minecraft:potato":2,"minecraft:mushroom_stew":4,"minecraft:flint":1,"minecraft:tuff":45,"minecraft:oak_log":95,"minecraft:gunpowder":17,"minecraft:lapis_lazuli":197,"twm:copper_shovel":1,"minecraft:dirt":14,"minecraft:bone":10,"minecraft:apple":2,"the_knocker:knife":2,"minecraft:bow":1,"minecraft:raw_gold":33,"minecraft:cobbled_deepslate_slab":6,"arphex:burning_glands":1,"minecraft:iron_ingot":18,"minecraft:stone_pickaxe":21,"minecraft:moss_block":28,"minecraft:oak_planks":189,"minecraft:oak_slab":69,"minecraft:smooth_basalt":21,"minecraft:budding_amethyst":1,"minecraft:spyglass":1,"minecraft:raw_iron_block":1,"minecraft:dripstone_block":17,"minecraft:gravel":16,"minecraft:spruce_log":21,"minecraft:dark_oak_log":27,"minecraft:spider_eye":5,"spartanshields:copper_basic_shield":4,"minecraft:diamond":13,"realistictorches:unlit_torch":78,"minecraft:granite":6,"minecraft:rooted_dirt":15,"minecraft:oak_sapling":25,"minecraft:coal":50},"minecraft:mined":{"minecraft:deepslate_tiles":20,"minecraft:diamond_ore":6,"minecraft:tuff":41,"minecraft:deepslate_diamond_ore":3,"minecraft:dark_oak_log":24,"minecraft:granite":2,"minecraft:budding_amethyst":15,"minecraft:grass_block":4,"minecraft:deepslate_bricks":43,"minecraft:moss_block":28,"minecraft:rooted_dirt":15,"minecraft:raw_iron_block":1,"minecraft:oak_trapdoor":5,"minecraft:iron_ore":2,"minecraft:fire":2,"minecraft:andesite":9,"minecraft:deepslate_lapis_ore":16,"minecraft:deepslate_iron_ore":27,"minecraft:stone":28,"minecraft:podzol":5,"minecraft:oak_slab":24,"minecraft:clay":3,"minecraft:calcite":26,"minecraft:chest":8,"minecraft:copper_ore":5,"minecraft:deepslate_coal_ore":21,"minecraft:deepslate_gold_ore":22,"minecraft:lapis_ore":2,"minecraft:diorite":5,"minecraft:amethyst_block":32,"minecraft:deepslate_copper_ore":24,"minecraft:birch_log":5,"minecraft:spruce_log":15,"minecraft:coal_ore":7,"minecraft:oak_log":70,"minecraft:dripstone_block":17,"minecraft:gravel":10,"minecraft:dirt":2,"minecraft:smooth_basalt":12,"minecraft:raw_copper_block":2,"minecraft:gold_ore":1,"minecraft:oak_leaves":9,"minecraft:deepslate":73},"minecraft:crafted":{"minecraft:oak_planks":48,"twm:copper_axe":3,"spartanshields:copper_basic_shield":1,"minecraft:oak_trapdoor":18,"minecraft:flint_and_steel":1,"twm:copper_sword":1,"minecraft:iron_axe":3,"realistictorches:unlit_torch":16,"minecraft:cooked_beef":1,"minecraft:oak_slab":42,"minecraft:spruce_planks":4,"minecraft:bowl":4,"minecraft:copper_ingot":86,"minecraft:air":0,"minecraft:stick":44,"minecraft:iron_ingot":28,"minecraft:iron_pickaxe":6,"minecraft:iron_shovel":1,"spartanshields:wooden_basic_shield":1},"minecraft:used":{"minecraft:oak_fence":1,"minecraft:oak_trapdoor":22,"minecraft:iron_shovel":9,"minecraft:flint_and_steel":3,"minecraft:iron_sword":9,"minecraft:wooden_shovel":10,"minecraft:spyglass":7,"twm:copper_shovel":2,"minecraft:iron_axe":41,"twm:copper_sword":85,"spartanshields:copper_basic_shield":12,"minecraft:oak_sapling":2,"twm:copper_axe":148,"minecraft:dark_oak_sapling":2,"minecraft:stone_pickaxe":28,"minecraft:oak_slab":66,"minecraft:mushroom_stew":16,"minecraft:oak_log":4,"minecraft:apple":1,"minecraft:iron_pickaxe":495,"minecraft:spruce_sapling":1,"minecraft:gravel":2,"minecraft:stone_axe":55,"twm:copper_pickaxe":25,"realistictorches:unlit_torch":1},"minecraft:dropped":{"arphex:burning_glands":1,"minecraft:oak_slab":1,"minecraft:drowned_spawn_egg":1,"minecraft:diamond":2,"minecraft:golden_apple":1,"minecraft:iron_pickaxe":1,"minecraft:rotten_flesh":2,"minecraft:stone_pickaxe":1,"arphex:ectoplasm":1},"minecraft:killed":{"minecraft:spider":8,"minecraft:skeleton":9,"the_knocker:knocker":2,"arphex:hornet_harbinger":2,"the_knocker:knockerstalklooked":1,"minecraft:wolf":1,"arphex:spider_larvae_tiny":1,"bwrtherain:spider_skull":2,"minecraft:creeper":4,"minecraft:zombie":8},"minecraft:broken":{"minecraft:flint_and_steel":1,"minecraft:iron_pickaxe":1}},"DataVersion":3120}