{"stats":{"minecraft:custom":{"minecraft:interact_with_crafting_table":122,"minecraft:leave_game":17,"minecraft:time_since_death":8372,"minecraft:damage_resisted":2,"minecraft:sprint_one_cm":1154689,"minecraft:damage_blocked_by_shield":760,"minecraft:drop":40,"minecraft:play_time":392325,"minecraft:deaths":39,"minecraft:jump":755,"minecraft:walk_on_water_one_cm":3045,"minecraft:interact_with_furnace":49,"minecraft:play_record":1,"minecraft:sleep_in_bed":2,"minecraft:damage_dealt":20945,"minecraft:crouch_one_cm":276003,"minecraft:mob_kills":119,"minecraft:damage_dealt_resisted":176,"minecraft:walk_one_cm":489219,"minecraft:sneak_time":81118,"minecraft:walk_under_water_one_cm":12070,"minecraft:boat_one_cm":2288,"minecraft:total_world_time":392325,"minecraft:time_since_rest":8408,"minecraft:damage_taken":10013512,"minecraft:damage_absorbed":800,"minecraft:swim_one_cm":2809,"minecraft:fly_one_cm":174391,"minecraft:open_chest":656,"minecraft:fall_one_cm":9557},"minecraft:killed_by":{"the_rake:the_rake":3,"bwrtherain:vapor":1,"rolling_giant:angry_rolling_giant":2,"bwrtherain:spider_skull":1,"vivilly_dweller:vivilly_dweller":2,"rolling_giant:rolling_giant_moving":2,"torture:torture":5,"kim_dweller:kim_dweller":2,"arphex:scorpion_larvae":1,"minecraft:spider":1,"arphex:hornet_harbinger":1,"minecraft:mooshroom":2,"cartoon_dweller:cartoon_dweller":5,"minecraft:skeleton":2,"mokey:mokey":4},"minecraft:mined":{"minecraft:white_bed":2,"minecraft:oak_sapling":4,"minecraft:granite":81,"minecraft:budding_amethyst":9,"minecraft:grass_block":247,"minecraft:deepslate_bricks":63,"minecraft:tall_seagrass":1,"minecraft:raw_iron_block":1,"minecraft:iron_ore":59,"minecraft:fire":10,"minecraft:pumpkin":5,"minecraft:deepslate_lapis_ore":14,"minecraft:azalea":1,"minecraft:gray_terracotta":8,"minecraft:powder_snow":17,"minecraft:clay":31,"minecraft:calcite":68,"minecraft:melon":10,"minecraft:chest":37,"minecraft:cobblestone":8,"realistictorches:torch_wall":2,"minecraft:oak_planks":47,"minecraft:amethyst_block":83,"minecraft:deepslate_copper_ore":12,"minecraft:white_terracotta":15,"minecraft:blue_terracotta":3,"minecraft:birch_log":42,"minecraft:blue_ice":18,"minecraft:oak_log":275,"minecraft:dark_oak_sapling":1,"minecraft:dirt":71,"minecraft:smooth_basalt":28,"minecraft:raw_copper_block":3,"minecraft:oak_leaves":54,"minecraft:deepslate":85,"minecraft:deepslate_tiles":37,"minecraft:tuff":13,"minecraft:deepslate_diamond_ore":8,"minecraft:dark_oak_log":10,"minecraft:cobbled_deepslate_slab":14,"minecraft:birch_slab":8,"minecraft:spruce_leaves":1,"minecraft:white_concrete_powder":19,"realistictorches:torch":3,"minecraft:oak_trapdoor":9,"minecraft:raw_gold_block":5,"minecraft:andesite":53,"minecraft:cobblestone_slab":13,"minecraft:deepslate_iron_ore":9,"minecraft:packed_ice":25,"minecraft:stone":253,"minecraft:podzol":36,"minecraft:oak_slab":280,"minecraft:snow_block":101,"minecraft:oak_fence":3,"minecraft:crafting_table":2,"minecraft:andesite_slab":10,"minecraft:copper_ore":87,"minecraft:deepslate_gold_ore":6,"minecraft:diorite":75,"minecraft:birch_planks":4,"minecraft:ice":1,"minecraft:spruce_log":26,"minecraft:coal_ore":28,"minecraft:dripstone_block":10,"minecraft:gravel":122,"minecraft:terracotta":18,"minecraft:gold_ore":12},"minecraft:picked_up":{"twm:copper_pickaxe":8,"minecraft:chainmail_boots":2,"twm:copper_sword":5,"minecraft:amethyst_block":108,"minecraft:string":30,"minecraft:raw_copper":467,"minecraft:deepslate_tiles":38,"minecraft:cobbled_deepslate":200,"minecraft:cobblestone_slab":16,"minecraft:calcite":118,"minecraft:azalea":3,"minecraft:wooden_shovel":5,"minecraft:iron_pickaxe":19,"minecraft:melon_slice":54,"minecraft:tipped_arrow":12,"minecraft:stick":65,"minecraft:oak_fence":35,"arphex:maggot_grub":2,"minecraft:diorite":134,"arphex:bloodworm_grub":2,"minecraft:rotten_flesh":30,"minecraft:music_disc_ward":1,"minecraft:white_terracotta":20,"minecraft:snowball":566,"minecraft:cobblestone":351,"minecraft:birch_log":52,"minecraft:feather":4,"minecraft:birch_slab":7,"minecraft:andesite":64,"minecraft:dark_oak_boat":3,"minecraft:powder_snow_bucket":1,"arphex:ectoplasm":4,"minecraft:flint":5,"minecraft:tuff":21,"minecraft:lapis_lazuli":327,"minecraft:dirt":462,"twm:copper_shovel":8,"minecraft:bone":29,"minecraft:gray_terracotta":8,"minecraft:bow":8,"minecraft:raw_gold":31,"minecraft:cobbled_deepslate_slab":24,"minecraft:rabbit":7,"minecraft:oak_planks":611,"minecraft:music_disc_13":1,"minecraft:oak_pressure_plate":3,"minecraft:dark_oak_log":19,"simplyswords:iron_twinblade":13,"spartanshields:copper_basic_shield":1,"minecraft:blue_terracotta":4,"minecraft:diamond":10,"minecraft:blue_ice":1,"minecraft:granite":107,"minecraft:bone_meal":22,"minecraft:golden_apple":1,"minecraft:oak_sapling":102,"minecraft:andesite_slab":7,"minecraft:crafting_table":2,"minecraft:clay_ball":148,"minecraft:wooden_pickaxe":4,"minecraft:oak_trapdoor":27,"minecraft:iron_axe":12,"minecraft:flint_and_steel":18,"minecraft:iron_shovel":12,"minecraft:candle":17,"minecraft:beef":6,"minecraft:oak_boat":6,"minecraft:cyan_wool":1,"twm:copper_axe":16,"minecraft:chest":53,"minecraft:birch_sapling":1,"minecraft:raw_copper_block":10,"minecraft:egg":1,"minecraft:lime_wool":1,"minecraft:dark_oak_sapling":2,"minecraft:raw_iron":87,"minecraft:raw_gold_block":5,"minecraft:copper_ingot":3,"minecraft:bowl":18,"minecraft:music_disc_mellohi":1,"minecraft:drowned_spawn_egg":1,"minecraft:arrow":47,"minecraft:stone_shovel":1,"minecraft:deepslate_bricks":92,"minecraft:gold_ingot":1,"minecraft:mutton":3,"minecraft:golden_carrot":5,"minecraft:leather":18,"minecraft:red_mushroom":1,"minecraft:birch_planks":14,"minecraft:ice":2,"minecraft:mushroom_stew":64,"minecraft:oak_log":326,"minecraft:gunpowder":26,"man:cassette_1safetyinstructions":1,"minecraft:cooked_mutton":1,"minecraft:apple":11,"minecraft:rabbit_hide":5,"minecraft:iron_ingot":2,"arphex:burning_glands":4,"minecraft:stone_pickaxe":15,"minecraft:flowering_azalea":1,"minecraft:iron_sword":2,"minecraft:oak_slab":658,"minecraft:smooth_basalt":33,"minecraft:pumpkin":5,"minecraft:sweet_berries":3,"minecraft:budding_amethyst":1,"minecraft:dripstone_block":10,"minecraft:spyglass":1,"minecraft:raw_iron_block":1,"minecraft:gravel":147,"minecraft:amethyst_shard":11,"minecraft:spruce_sapling":11,"minecraft:white_bed":2,"minecraft:spruce_log":27,"minecraft:spider_eye":7,"minecraft:leather_helmet":2,"minecraft:pumpkin_seeds":1,"minecraft:white_concrete_powder":19,"minecraft:stone_axe":1,"realistictorches:unlit_torch":21,"minecraft:terracotta":30,"minecraft:coal":51},"minecraft:crafted":{"minecraft:oak_planks":1172,"minecraft:cobblestone_slab":78,"twm:copper_axe":4,"minecraft:dark_oak_boat":1,"minecraft:oak_pressure_plate":3,"minecraft:birch_slab":6,"minecraft:lightning_rod":2,"twm:copper_shovel":5,"twm:copper_sword":1,"minecraft:bow":1,"minecraft:raw_copper":117,"minecraft:oak_fence":45,"minecraft:oak_slab":1326,"minecraft:crafting_table":4,"minecraft:spruce_planks":20,"minecraft:wooden_pickaxe":1,"minecraft:copper_ingot":63,"minecraft:birch_planks":48,"minecraft:stick":76,"minecraft:iron_pickaxe":5,"minecraft:iron_ingot":62,"minecraft:stone_sword":1,"minecraft:snow_block":32,"spartanshields:wooden_basic_shield":2,"minecraft:cobbled_deepslate_slab":60,"minecraft:raw_iron":9,"minecraft:stone_shovel":1,"minecraft:jukebox":1,"simplyswords:iron_twinblade":4,"minecraft:furnace":2,"spartanshields:copper_basic_shield":2,"minecraft:raw_copper_block":13,"minecraft:flint_and_steel":5,"minecraft:oak_trapdoor":20,"minecraft:iron_axe":3,"minecraft:stone_pickaxe":1,"realistictorches:unlit_torch":36,"minecraft:dark_oak_planks":32,"minecraft:bowl":32,"minecraft:stone_axe":2,"minecraft:air":0,"minecraft:oak_boat":2,"minecraft:white_wool":3,"minecraft:andesite_slab":102,"minecraft:iron_shovel":3,"minecraft:white_bed":1,"twm:copper_pickaxe":3},"minecraft:used":{"minecraft:writable_book":1,"minecraft:iron_shovel":197,"minecraft:chest":17,"minecraft:snowball":28,"minecraft:bow":9,"minecraft:dark_oak_boat":1,"minecraft:oak_sapling":42,"minecraft:furnace":2,"minecraft:egg":1,"minecraft:dark_oak_sapling":1,"twm:copper_axe":341,"minecraft:stone_pickaxe":83,"minecraft:oak_planks":92,"minecraft:wooden_pickaxe":14,"minecraft:mushroom_stew":65,"minecraft:blue_ice":1,"minecraft:lightning_rod":2,"minecraft:birch_slab":11,"minecraft:oak_pressure_plate":3,"minecraft:birch_log":1,"minecraft:ice":1,"minecraft:oak_boat":5,"twm:copper_pickaxe":323,"minecraft:bone_meal":1,"minecraft:oak_trapdoor":32,"minecraft:azalea":1,"minecraft:oak_fence":47,"minecraft:flint_and_steel":8,"minecraft:stone_shovel":17,"minecraft:wooden_shovel":39,"minecraft:dirt":22,"minecraft:spyglass":2,"twm:copper_shovel":148,"minecraft:iron_axe":293,"minecraft:golden_carrot":5,"twm:copper_sword":66,"spartanshields:copper_basic_shield":29,"minecraft:cooked_mutton":1,"minecraft:water_bucket":20,"minecraft:birch_planks":4,"minecraft:andesite_slab":104,"minecraft:cobblestone_slab":88,"minecraft:oak_slab":1514,"minecraft:crafting_table":6,"simplyswords:iron_twinblade":291,"minecraft:white_bed":3,"minecraft:music_disc_strad":1,"minecraft:oak_log":6,"minecraft:apple":1,"minecraft:iron_pickaxe":860,"minecraft:stone_axe":102,"minecraft:cobblestone":21,"minecraft:cobbled_deepslate_slab":48,"minecraft:bucket":20,"minecraft:candle":1,"minecraft:jukebox":1,"realistictorches:unlit_torch":42},"minecraft:dropped":{"minecraft:iron_sword":1,"twm:copper_axe":2,"minecraft:gravel":1,"minecraft:stone_axe":2,"minecraft:rotten_flesh":3,"minecraft:oak_planks":34,"twm:copper_shovel":1,"minecraft:chest":1,"minecraft:arrow":3,"spartanshields:copper_basic_shield":1,"minecraft:oak_slab":15,"man:cassette_1safetyinstructions":2,"realistictorches:unlit_torch":1,"minecraft:oak_trapdoor":6,"minecraft:bowl":1,"minecraft:raw_iron":1,"minecraft:flint_and_steel":3,"minecraft:andesite":1,"minecraft:oak_sapling":1,"minecraft:wooden_shovel":4,"minecraft:bow":1,"minecraft:stone_pickaxe":5,"minecraft:wooden_pickaxe":5},"minecraft:killed":{"minecraft:spider":15,"minecraft:skeleton":7,"the_knocker:knocker":4,"arphex:ant_arsonist":1,"minecraft:wolf":6,"arphex:spider_larvae_tiny":4,"bwrtherain:spider_skull":13,"minecraft:creeper":13,"minecraft:sheep":1,"minecraft:goat":3,"minecraft:zombie":15,"minecraft:mooshroom":2,"minecraft:stray":9,"arphex:silverfish_spectre":2,"arphex:hornet_harbinger":1,"arphex:blood_worm":2,"arphex:scorpion_larvae":2,"the_knocker:knockerstalklooked":3,"minecraft:rabbit":11},"minecraft:broken":{"minecraft:leather_helmet":1,"minecraft:iron_pickaxe":1}},"DataVersion":3120}