{"stats":{"minecraft:custom":{"minecraft:mob_kills":75,"minecraft:interact_with_crafting_table":81,"minecraft:damage_dealt_resisted":41,"minecraft:time_since_death":9151,"minecraft:leave_game":13,"minecraft:damage_resisted":2,"minecraft:sprint_one_cm":628011,"minecraft:walk_one_cm":384286,"minecraft:drop":20,"minecraft:play_time":263487,"minecraft:deaths":28,"minecraft:sneak_time":59631,"minecraft:walk_under_water_one_cm":3260,"minecraft:boat_one_cm":2288,"minecraft:jump":373,"minecraft:walk_on_water_one_cm":2437,"minecraft:total_world_time":263487,"minecraft:interact_with_furnace":34,"minecraft:time_since_rest":9177,"minecraft:damage_taken":8636,"minecraft:damage_absorbed":740,"minecraft:damage_dealt":13540,"minecraft:fly_one_cm":62975,"minecraft:swim_one_cm":290,"minecraft:open_chest":519,"minecraft:crouch_one_cm":200939,"minecraft:fall_one_cm":6606},"minecraft:killed_by":{"minecraft:spider":1,"the_rake:the_rake":3,"minecraft:mooshroom":2,"cartoon_dweller:cartoon_dweller":4,"rolling_giant:angry_rolling_giant":1,"vivilly_dweller:vivilly_dweller":2,"rolling_giant:rolling_giant_moving":2,"mokey:mokey":3,"torture:torture":4,"kim_dweller:kim_dweller":2},"minecraft:mined":{"minecraft:white_bed":2,"minecraft:tuff":4,"minecraft:oak_sapling":3,"minecraft:granite":78,"minecraft:budding_amethyst":5,"minecraft:grass_block":245,"minecraft:deepslate_bricks":12,"minecraft:birch_slab":8,"minecraft:white_concrete_powder":19,"minecraft:tall_seagrass":1,"realistictorches:torch":2,"minecraft:raw_iron_block":1,"minecraft:oak_trapdoor":8,"minecraft:raw_gold_block":5,"minecraft:iron_ore":58,"minecraft:fire":9,"minecraft:andesite":51,"minecraft:pumpkin":5,"minecraft:deepslate_lapis_ore":6,"minecraft:deepslate_iron_ore":4,"minecraft:cobblestone_slab":10,"minecraft:packed_ice":24,"minecraft:azalea":1,"minecraft:stone":230,"minecraft:podzol":34,"minecraft:gray_terracotta":8,"minecraft:oak_slab":212,"minecraft:snow_block":101,"minecraft:powder_snow":17,"minecraft:clay":30,"minecraft:crafting_table":2,"minecraft:calcite":63,"minecraft:melon":10,"minecraft:chest":32,"minecraft:andesite_slab":5,"minecraft:cobblestone":8,"minecraft:copper_ore":87,"realistictorches:torch_wall":2,"minecraft:deepslate_gold_ore":3,"minecraft:oak_planks":32,"minecraft:diorite":74,"minecraft:amethyst_block":68,"minecraft:deepslate_copper_ore":3,"minecraft:white_terracotta":15,"minecraft:birch_planks":4,"minecraft:blue_terracotta":3,"minecraft:birch_log":37,"minecraft:blue_ice":18,"minecraft:ice":1,"minecraft:spruce_log":15,"minecraft:coal_ore":27,"minecraft:oak_log":237,"minecraft:gravel":118,"minecraft:dripstone_block":10,"minecraft:dirt":62,"minecraft:smooth_basalt":25,"minecraft:terracotta":18,"minecraft:raw_copper_block":3,"minecraft:gold_ore":12,"minecraft:deepslate":35,"minecraft:oak_leaves":33},"minecraft:picked_up":{"minecraft:crafting_table":2,"twm:copper_pickaxe":6,"minecraft:chainmail_boots":1,"minecraft:clay_ball":128,"minecraft:wooden_pickaxe":4,"minecraft:amethyst_block":93,"minecraft:oak_trapdoor":19,"minecraft:string":17,"minecraft:raw_copper":440,"minecraft:iron_axe":10,"minecraft:flint_and_steel":12,"minecraft:iron_shovel":10,"minecraft:cobbled_deepslate":105,"minecraft:beef":6,"minecraft:oak_boat":3,"minecraft:cobblestone_slab":13,"minecraft:cyan_wool":1,"twm:copper_axe":7,"minecraft:calcite":113,"minecraft:azalea":3,"minecraft:wooden_shovel":5,"minecraft:iron_pickaxe":10,"minecraft:melon_slice":54,"minecraft:chest":44,"minecraft:birch_sapling":1,"minecraft:raw_copper_block":10,"minecraft:egg":1,"minecraft:dark_oak_sapling":1,"minecraft:tipped_arrow":12,"minecraft:lime_wool":1,"minecraft:stick":33,"minecraft:raw_iron":79,"minecraft:raw_gold_block":5,"minecraft:music_disc_mellohi":1,"minecraft:bowl":8,"minecraft:diorite":133,"arphex:bloodworm_grub":2,"minecraft:rotten_flesh":17,"minecraft:arrow":33,"minecraft:stone_shovel":1,"minecraft:music_disc_ward":1,"minecraft:deepslate_bricks":36,"minecraft:gold_ingot":1,"minecraft:white_terracotta":20,"minecraft:mutton":3,"minecraft:snowball":552,"minecraft:cobblestone":298,"minecraft:birch_log":45,"minecraft:feather":4,"minecraft:golden_carrot":5,"minecraft:birch_slab":7,"minecraft:andesite":60,"minecraft:leather":18,"minecraft:powder_snow_bucket":1,"minecraft:red_mushroom":1,"minecraft:birch_planks":14,"minecraft:ice":2,"minecraft:mushroom_stew":41,"minecraft:flint":4,"minecraft:tuff":12,"minecraft:oak_log":247,"minecraft:gunpowder":17,"minecraft:lapis_lazuli":114,"minecraft:dirt":447,"twm:copper_shovel":4,"man:cassette_1safetyinstructions":1,"minecraft:cooked_mutton":1,"minecraft:bone":17,"minecraft:apple":10,"minecraft:gray_terracotta":8,"minecraft:bow":6,"minecraft:raw_gold":20,"minecraft:rabbit_hide":5,"minecraft:iron_ingot":2,"minecraft:stone_pickaxe":1,"minecraft:rabbit":7,"minecraft:oak_planks":297,"minecraft:flowering_azalea":1,"minecraft:oak_slab":483,"minecraft:smooth_basalt":30,"minecraft:music_disc_13":1,"minecraft:pumpkin":5,"minecraft:sweet_berries":3,"minecraft:budding_amethyst":1,"minecraft:raw_iron_block":1,"minecraft:dripstone_block":10,"minecraft:gravel":142,"minecraft:amethyst_shard":11,"minecraft:spruce_sapling":9,"minecraft:white_bed":2,"minecraft:spruce_log":15,"minecraft:spider_eye":3,"minecraft:leather_helmet":2,"simplyswords:iron_twinblade":10,"minecraft:pumpkin_seeds":1,"minecraft:blue_terracotta":4,"minecraft:white_concrete_powder":19,"minecraft:stone_axe":1,"realistictorches:unlit_torch":17,"minecraft:blue_ice":1,"minecraft:granite":95,"minecraft:bone_meal":22,"minecraft:terracotta":30,"minecraft:oak_sapling":56,"minecraft:andesite_slab":7,"minecraft:coal":47},"minecraft:crafted":{"minecraft:oak_planks":876,"minecraft:raw_iron":9,"twm:copper_axe":2,"minecraft:cobblestone_slab":30,"minecraft:stone_shovel":1,"simplyswords:iron_twinblade":3,"minecraft:oak_pressure_plate":3,"minecraft:lightning_rod":2,"minecraft:birch_slab":6,"minecraft:furnace":1,"twm:copper_shovel":3,"minecraft:raw_copper_block":13,"minecraft:flint_and_steel":3,"minecraft:oak_trapdoor":16,"minecraft:bow":1,"minecraft:iron_axe":3,"minecraft:stone_pickaxe":1,"realistictorches:unlit_torch":36,"minecraft:oak_fence":3,"minecraft:oak_slab":996,"minecraft:crafting_table":2,"minecraft:spruce_planks":20,"minecraft:wooden_pickaxe":1,"minecraft:bowl":20,"minecraft:copper_ingot":32,"minecraft:birch_planks":48,"minecraft:stone_axe":2,"minecraft:air":0,"minecraft:oak_boat":2,"minecraft:white_wool":3,"minecraft:andesite_slab":102,"minecraft:stick":40,"minecraft:iron_ingot":53,"minecraft:iron_pickaxe":4,"minecraft:stone_sword":1,"minecraft:snow_block":32,"minecraft:iron_shovel":3,"minecraft:white_bed":1,"twm:copper_pickaxe":2},"minecraft:used":{"minecraft:azalea":1,"minecraft:oak_fence":2,"minecraft:oak_trapdoor":28,"minecraft:writable_book":1,"minecraft:flint_and_steel":7,"minecraft:iron_shovel":197,"minecraft:stone_shovel":17,"minecraft:chest":13,"minecraft:wooden_shovel":39,"minecraft:dirt":13,"twm:copper_shovel":141,"minecraft:snowball":1,"minecraft:iron_axe":285,"minecraft:golden_carrot":5,"minecraft:bow":9,"minecraft:furnace":1,"minecraft:oak_sapling":34,"minecraft:egg":1,"twm:copper_axe":189,"minecraft:cooked_mutton":1,"minecraft:water_bucket":20,"minecraft:birch_planks":4,"minecraft:stone_pickaxe":83,"minecraft:oak_planks":84,"minecraft:andesite_slab":104,"minecraft:wooden_pickaxe":14,"minecraft:cobblestone_slab":40,"minecraft:oak_slab":1108,"minecraft:crafting_table":4,"simplyswords:iron_twinblade":191,"minecraft:mushroom_stew":22,"minecraft:blue_ice":1,"minecraft:white_bed":3,"minecraft:lightning_rod":2,"minecraft:oak_log":6,"minecraft:birch_slab":11,"minecraft:iron_pickaxe":607,"minecraft:oak_pressure_plate":3,"minecraft:stone_axe":102,"minecraft:cobblestone":21,"minecraft:bucket":20,"minecraft:birch_log":1,"minecraft:ice":1,"minecraft:oak_boat":5,"twm:copper_pickaxe":312,"minecraft:bone_meal":1,"realistictorches:unlit_torch":35},"minecraft:dropped":{"minecraft:oak_slab":14,"man:cassette_1safetyinstructions":2,"realistictorches:unlit_torch":1,"minecraft:gravel":1,"minecraft:stone_axe":2,"minecraft:raw_iron":1,"minecraft:andesite":1,"minecraft:wooden_shovel":4,"minecraft:chest":1,"minecraft:stone_pickaxe":1,"minecraft:wooden_pickaxe":5},"minecraft:killed":{"minecraft:spider":9,"minecraft:skeleton":3,"the_knocker:knocker":2,"arphex:blood_worm":2,"the_knocker:knockerstalklooked":2,"minecraft:wolf":6,"minecraft:rabbit":11,"minecraft:creeper":9,"minecraft:sheep":1,"minecraft:goat":3,"minecraft:zombie":11,"minecraft:mooshroom":2,"minecraft:stray":9},"minecraft:broken":{"minecraft:leather_helmet":1,"minecraft:iron_pickaxe":1}},"DataVersion":3120}