{"stats":{"minecraft:used":{"minecraft:oak_fence":1,"minecraft:oak_trapdoor":28,"minecraft:iron_shovel":9,"minecraft:flint_and_steel":8,"minecraft:iron_sword":9,"minecraft:wooden_shovel":10,"minecraft:dirt":1,"minecraft:spyglass":7,"twm:copper_shovel":103,"minecraft:axolotl_bucket":1,"minecraft:iron_axe":41,"minecraft:birch_trapdoor":8,"twm:copper_sword":85,"minecraft:bow":16,"spartanshields:copper_basic_shield":12,"minecraft:oak_sapling":7,"minecraft:dark_oak_sapling":2,"twm:copper_axe":425,"minecraft:water_bucket":3,"minecraft:diorite":18,"minecraft:cobblestone_stairs":20,"minecraft:stone_pickaxe":28,"minecraft:oak_planks":3,"minecraft:stonecutter":1,"minecraft:deepslate_bricks":121,"simplyswords:iron_twinblade":14,"minecraft:sand":3,"minecraft:mushroom_stew":30,"minecraft:crafting_table":1,"minecraft:oak_slab":91,"minecraft:sponge":2,"minecraft:cobbled_deepslate_stairs":3,"minecraft:oak_log":4,"minecraft:deepslate_tiles":16,"minecraft:apple":2,"minecraft:birch_slab":1,"minecraft:chicken":1,"minecraft:iron_pickaxe":1045,"minecraft:spruce_sapling":1,"minecraft:gravel":17,"minecraft:stone_axe":55,"minecraft:cobblestone":12,"minecraft:bucket":6,"twm:copper_pickaxe":37,"realistictorches:unlit_torch":5},"minecraft:crafted":{"minecraft:oak_planks":60,"twm:copper_axe":4,"twm:copper_shovel":3,"minecraft:cobblestone_stairs":3,"spartanshields:copper_basic_shield":1,"minecraft:oak_trapdoor":20,"minecraft:flint_and_steel":3,"twm:copper_sword":1,"minecraft:bow":1,"minecraft:iron_axe":3,"realistictorches:unlit_torch":16,"minecraft:cooked_beef":1,"minecraft:oak_slab":42,"minecraft:crafting_table":1,"minecraft:spruce_planks":28,"minecraft:bowl":4,"minecraft:copper_ingot":103,"minecraft:bucket":2,"minecraft:birch_planks":24,"minecraft:air":0,"minecraft:stick":48,"minecraft:iron_ingot":52,"minecraft:iron_pickaxe":10,"minecraft:birch_trapdoor":8,"minecraft:iron_shovel":1,"spartanshields:wooden_basic_shield":1,"minecraft:stonecutter":1,"twm:copper_pickaxe":1,"minecraft:deepslate_bricks":1},"minecraft:picked_up":{"minecraft:crafting_table":1,"twm:copper_pickaxe":4,"minecraft:chainmail_boots":1,"minecraft:chicken":3,"minecraft:clay_ball":28,"twm:copper_sword":3,"minecraft:dead_horn_coral_block":6,"minecraft:amethyst_block":52,"minecraft:string":10,"minecraft:oak_trapdoor":38,"minecraft:dead_tube_coral_block":3,"minecraft:raw_copper":253,"minecraft:iron_axe":1,"minecraft:flint_and_steel":9,"minecraft:deepslate_tiles":27,"minecraft:candle":46,"minecraft:cobbled_deepslate":130,"twm:copper_axe":12,"minecraft:rose_bush":3,"minecraft:cobblestone_slab":8,"minecraft:calcite":42,"minecraft:wooden_shovel":1,"minecraft:iron_pickaxe":9,"minecraft:chest":17,"minecraft:raw_copper_block":2,"minecraft:tipped_arrow":4,"minecraft:dark_oak_sapling":1,"minecraft:stick":17,"minecraft:raw_iron":76,"minecraft:copper_ingot":14,"minecraft:oak_fence":21,"minecraft:bowl":10,"minecraft:acacia_log":5,"minecraft:amethyst_cluster":3,"minecraft:diorite":19,"minecraft:vine":2,"minecraft:green_terracotta":13,"minecraft:arrow":43,"minecraft:rotten_flesh":19,"minecraft:tropical_fish":1,"minecraft:deepslate_bricks":46,"minecraft:snowball":4,"minecraft:cobblestone":75,"minecraft:birch_log":15,"minecraft:sponge":4,"minecraft:feather":2,"minecraft:birch_slab":1,"minecraft:andesite":47,"arphex:ectoplasm":1,"minecraft:potato":2,"minecraft:mushroom_stew":5,"minecraft:flint":4,"minecraft:tuff":61,"minecraft:prismarine_bricks":10,"minecraft:oak_log":137,"minecraft:gunpowder":17,"minecraft:cobblestone_stairs":1,"minecraft:deepslate_tile_slab":1,"minecraft:lapis_lazuli":385,"twm:copper_shovel":2,"minecraft:dirt":26,"minecraft:bone":21,"minecraft:apple":3,"the_knocker:knife":2,"minecraft:bow":1,"minecraft:cobbled_deepslate_slab":23,"minecraft:deepslate_brick_slab":2,"minecraft:stone_pickaxe":21,"minecraft:raw_gold":55,"minecraft:iron_ingot":26,"arphex:burning_glands":1,"minecraft:moss_block":141,"minecraft:prismarine":19,"minecraft:oak_planks":194,"minecraft:oak_slab":320,"minecraft:smooth_basalt":29,"minecraft:budding_amethyst":1,"minecraft:spyglass":1,"minecraft:raw_iron_block":1,"minecraft:dripstone_block":90,"minecraft:gravel":32,"minecraft:sand":7,"minecraft:spruce_log":23,"minecraft:dark_oak_log":28,"minecraft:spider_eye":7,"minecraft:dark_prismarine":1,"simplyswords:iron_twinblade":1,"minecraft:light_gray_terracotta":16,"spartanshields:copper_basic_shield":4,"minecraft:dried_kelp_block":4,"minecraft:blue_terracotta":4,"minecraft:diamond":16,"realistictorches:unlit_torch":78,"minecraft:dead_brain_coral_block":6,"minecraft:granite":16,"minecraft:rooted_dirt":36,"minecraft:oak_sapling":31,"minecraft:coal":78},"minecraft:mined":{"minecraft:deepslate_tiles":36,"minecraft:dark_prismarine":1,"minecraft:diamond_ore":7,"minecraft:tuff":57,"minecraft:oak_sapling":1,"minecraft:deepslate_diamond_ore":5,"minecraft:cobblestone_stairs":1,"minecraft:dark_oak_log":25,"minecraft:granite":15,"minecraft:cobbled_deepslate_slab":19,"minecraft:budding_amethyst":16,"minecraft:acacia_log":5,"minecraft:grass_block":9,"minecraft:deepslate_bricks":43,"minecraft:birch_slab":1,"minecraft:tube_coral_block":3,"minecraft:moss_block":135,"minecraft:rooted_dirt":36,"minecraft:deepslate_brick_slab":2,"minecraft:raw_iron_block":1,"minecraft:oak_trapdoor":11,"minecraft:iron_ore":18,"minecraft:fire":13,"minecraft:green_terracotta":13,"minecraft:andesite":25,"minecraft:deepslate_lapis_ore":29,"minecraft:dead_horn_coral_block":2,"minecraft:deepslate_iron_ore":32,"minecraft:cobblestone_slab":8,"minecraft:packed_ice":1,"minecraft:stone":49,"minecraft:brain_coral_block":6,"minecraft:podzol":6,"minecraft:oak_slab":180,"minecraft:snow_block":1,"minecraft:deepslate_tile_slab":1,"minecraft:crafting_table":1,"minecraft:clay":3,"minecraft:light_gray_terracotta":16,"minecraft:calcite":38,"minecraft:sponge":4,"minecraft:chest":16,"minecraft:copper_ore":32,"minecraft:cobblestone":17,"minecraft:deepslate_coal_ore":39,"minecraft:dried_kelp_block":3,"minecraft:deepslate_gold_ore":37,"minecraft:lapis_ore":17,"minecraft:prismarine":19,"minecraft:oak_planks":2,"minecraft:diorite":18,"minecraft:amethyst_block":43,"minecraft:deepslate_copper_ore":34,"minecraft:prismarine_bricks":10,"minecraft:blue_terracotta":4,"minecraft:birch_log":6,"minecraft:birch_trapdoor":1,"minecraft:spruce_log":17,"minecraft:coal_ore":17,"minecraft:oak_log":113,"minecraft:sand":8,"minecraft:gravel":28,"minecraft:dripstone_block":89,"minecraft:dirt":9,"minecraft:smooth_basalt":19,"minecraft:raw_copper_block":2,"minecraft:gold_ore":7,"minecraft:oak_leaves":15,"minecraft:horn_coral_block":4,"minecraft:deepslate":115},"minecraft:custom":{"minecraft:mob_kills":64,"minecraft:interact_with_crafting_table":56,"minecraft:damage_dealt_resisted":174,"minecraft:leave_game":11,"minecraft:time_since_death":19823,"minecraft:damage_resisted":186,"minecraft:sprint_one_cm":504337,"minecraft:walk_one_cm":643103,"minecraft:damage_blocked_by_shield":420,"minecraft:drop":29,"minecraft:play_time":269225,"minecraft:sneak_time":26392,"minecraft:deaths":36,"minecraft:walk_under_water_one_cm":41810,"minecraft:boat_one_cm":822,"minecraft:jump":966,"minecraft:walk_on_water_one_cm":6024,"minecraft:total_world_time":269225,"minecraft:interact_with_furnace":44,"minecraft:interact_with_stonecutter":8,"minecraft:sleep_in_bed":7,"minecraft:time_since_rest":9729,"minecraft:damage_taken":20110795,"minecraft:damage_absorbed":261,"minecraft:damage_dealt":15320,"minecraft:player_kills":1,"minecraft:swim_one_cm":278,"minecraft:fly_one_cm":258757,"minecraft:open_chest":394,"minecraft:crouch_one_cm":60441,"minecraft:fall_one_cm":4877},"minecraft:killed":{"minecraft:spider":15,"minecraft:skeleton":14,"the_knocker:knocker":3,"arphex:hornet_harbinger":2,"minecraft:chicken":2,"the_knocker:knockerstalklooked":1,"minecraft:wolf":1,"arphex:spider_larvae_tiny":1,"bwrtherain:spider_skull":4,"minecraft:creeper":4,"minecraft:zombie":9},"minecraft:dropped":{"arphex:burning_glands":1,"minecraft:oak_slab":1,"minecraft:drowned_spawn_egg":1,"minecraft:diamond":2,"minecraft:dead_horn_coral_block":3,"minecraft:mushroom_stew":1,"minecraft:golden_apple":1,"minecraft:iron_pickaxe":2,"minecraft:smooth_basalt":1,"twm:copper_axe":1,"simplyswords:iron_katana":1,"minecraft:rotten_flesh":2,"twm:copper_shovel":1,"minecraft:raw_gold":3,"minecraft:stone_pickaxe":1,"minecraft:prismarine_bricks":2,"minecraft:dead_brain_coral_block":3,"arphex:ectoplasm":1,"minecraft:dead_tube_coral_block":3},"minecraft:broken":{"twm:copper_shovel":1,"minecraft:flint_and_steel":1,"minecraft:iron_pickaxe":3},"minecraft:killed_by":{"minecraft:spider":3,"minecraft:enderman":1,"arphex:hornet_harbinger":1,"the_rake:the_rake":1,"cartoon_dweller:cartoon_dweller":3,"bwrtherain:vapor":2,"rolling_giant:angry_rolling_giant":2,"bwrtherain:spider_skull":1,"arphex:solifuge_skulker":1,"rolling_giant:rolling_giant_moving":1,"bwrtherain:rosemary":2,"minecraft:skeleton":4,"minecraft:zombie":3,"mokey:mokey":1}},"DataVersion":3120}