{"stats":{"minecraft:used":{"minecraft:flint_and_steel":3,"twm:copper_shovel":2,"minecraft:mushroom_stew":2,"minecraft:iron_pickaxe":118,"twm:copper_pickaxe":104},"minecraft:picked_up":{"minecraft:sponge":11,"minecraft:clay_ball":36,"minecraft:salmon":1,"minecraft:andesite":5,"minecraft:tuff":3,"minecraft:oak_log":1,"minecraft:prismarine_bricks":5,"minecraft:dead_horn_coral_block":4,"minecraft:amethyst_block":2,"minecraft:lapis_lazuli":13,"minecraft:dirt":2,"minecraft:dead_tube_coral_block":2,"minecraft:raw_copper":25,"minecraft:cobbled_deepslate":7,"minecraft:raw_gold":1,"minecraft:calcite":2,"minecraft:iron_pickaxe":1,"minecraft:chest":3,"minecraft:moss_block":3,"minecraft:prismarine":22,"minecraft:oak_slab":2,"minecraft:raw_iron":12,"minecraft:raw_iron_block":1,"minecraft:dripstone_block":1,"minecraft:dead_fire_coral_block":4,"minecraft:sand":18,"minecraft:diorite":5,"minecraft:spruce_log":1,"minecraft:dark_oak_log":3,"minecraft:prismarine_crystals":36,"minecraft:dark_prismarine":7,"minecraft:dried_kelp_block":5,"minecraft:blue_terracotta":7,"minecraft:diamond":4,"minecraft:dead_bubble_coral_block":4,"minecraft:dead_brain_coral_block":6,"minecraft:granite":5,"minecraft:cyan_terracotta":2,"minecraft:coal":8,"minecraft:cobblestone":6},"minecraft:mined":{"minecraft:dark_prismarine":7,"minecraft:diamond_ore":3,"minecraft:tuff":3,"minecraft:cyan_terracotta":2,"minecraft:deepslate_diamond_ore":1,"minecraft:dark_oak_log":3,"minecraft:sea_lantern":14,"minecraft:clay":9,"minecraft:granite":5,"minecraft:sponge":11,"minecraft:grass_block":2,"minecraft:calcite":2,"minecraft:dead_tube_coral_block":1,"minecraft:chest":3,"minecraft:copper_ore":3,"minecraft:deepslate_coal_ore":6,"minecraft:dried_kelp_block":5,"minecraft:bubble_coral_block":4,"minecraft:lapis_ore":2,"minecraft:tube_coral_block":1,"minecraft:prismarine":22,"minecraft:moss_block":3,"minecraft:diorite":5,"minecraft:amethyst_block":2,"minecraft:deepslate_copper_ore":5,"minecraft:prismarine_bricks":5,"minecraft:raw_iron_block":1,"minecraft:blue_terracotta":7,"minecraft:iron_ore":4,"minecraft:spruce_log":1,"minecraft:andesite":5,"minecraft:dead_brain_coral_block":1,"minecraft:oak_log":1,"minecraft:coal_ore":2,"minecraft:deepslate_iron_ore":8,"minecraft:dripstone_block":1,"minecraft:sand":18,"minecraft:stone":6,"minecraft:brain_coral_block":5,"minecraft:gold_ore":1,"minecraft:fire_coral_block":4,"minecraft:horn_coral_block":4,"minecraft:deepslate":7},"minecraft:custom":{"minecraft:leave_game":1,"minecraft:time_since_death":29443,"minecraft:time_since_rest":29443,"minecraft:sprint_one_cm":13751,"minecraft:damage_taken":150,"minecraft:walk_one_cm":86295,"minecraft:drop":2,"minecraft:damage_dealt":1300,"minecraft:fly_one_cm":6449,"minecraft:open_chest":65,"minecraft:crouch_one_cm":583,"minecraft:play_time":29443,"minecraft:sneak_time":1025,"minecraft:walk_under_water_one_cm":8807,"minecraft:jump":38,"minecraft:walk_on_water_one_cm":946,"minecraft:total_world_time":29443},"minecraft:dropped":{"minecraft:tipped_arrow":4,"minecraft:arrow":15}},"DataVersion":3120}