{"stats":{"minecraft:used":{"minecraft:writable_book":1,"minecraft:iron_shovel":197,"minecraft:chest":17,"minecraft:shield":35,"minecraft:music_disc_13":1,"minecraft:axolotl_bucket":1,"minecraft:snowball":28,"minecraft:bow":9,"minecraft:dark_oak_boat":1,"minecraft:oak_sapling":47,"minecraft:furnace":2,"minecraft:egg":1,"minecraft:dark_oak_sapling":1,"twm:copper_axe":491,"simplyswords:iron_spear":61,"minecraft:stone_pickaxe":83,"minecraft:oak_planks":118,"minecraft:wooden_pickaxe":14,"minecraft:sand":1,"minecraft:mushroom_stew":93,"minecraft:blue_ice":1,"minecraft:lightning_rod":2,"minecraft:birch_slab":11,"minecraft:oak_pressure_plate":3,"minecraft:birch_log":1,"minecraft:ice":1,"minecraft:oak_boat":5,"twm:copper_pickaxe":323,"minecraft:bone_meal":1,"minecraft:azalea":1,"minecraft:oak_trapdoor":32,"minecraft:oak_fence":47,"minecraft:music_disc_otherside":2,"minecraft:flint_and_steel":8,"minecraft:stone_shovel":17,"minecraft:wooden_shovel":39,"minecraft:cooked_chicken":1,"minecraft:dirt":22,"minecraft:spyglass":2,"simplyswords:iron_katana":30,"twm:copper_shovel":171,"minecraft:granite":10,"minecraft:iron_axe":293,"minecraft:golden_carrot":5,"twm:copper_sword":66,"spartanshields:copper_basic_shield":29,"minecraft:cooked_mutton":2,"minecraft:water_bucket":26,"minecraft:birch_planks":4,"minecraft:andesite_slab":104,"minecraft:cobblestone_slab":88,"minecraft:oak_slab":1833,"minecraft:crafting_table":8,"simplyswords:iron_twinblade":296,"minecraft:white_bed":4,"minecraft:music_disc_strad":1,"minecraft:oak_log":6,"minecraft:apple":1,"minecraft:iron_pickaxe":1108,"minecraft:stone_axe":102,"minecraft:cobblestone":26,"minecraft:cobbled_deepslate_slab":48,"minecraft:bucket":26,"minecraft:candle":1,"minecraft:jukebox":1,"realistictorches:unlit_torch":44},"minecraft:crafted":{"minecraft:oak_planks":1332,"minecraft:cobblestone_slab":78,"twm:copper_axe":6,"minecraft:dark_oak_boat":1,"simplyswords:iron_katana":1,"minecraft:oak_pressure_plate":3,"minecraft:cooked_chicken":1,"minecraft:lightning_rod":2,"minecraft:birch_slab":6,"twm:copper_shovel":7,"minecraft:stone":3,"minecraft:cooked_mutton":3,"twm:copper_sword":1,"minecraft:bow":1,"minecraft:raw_copper":117,"minecraft:oak_fence":45,"minecraft:oak_slab":1506,"minecraft:crafting_table":6,"minecraft:spruce_planks":20,"minecraft:wooden_pickaxe":1,"minecraft:copper_ingot":151,"minecraft:birch_planks":48,"minecraft:shield":1,"minecraft:stick":100,"minecraft:iron_ingot":65,"minecraft:iron_pickaxe":7,"minecraft:stone_sword":1,"minecraft:snow_block":64,"minecraft:gold_ingot":48,"spartanshields:wooden_basic_shield":3,"minecraft:cobbled_deepslate_slab":60,"minecraft:raw_iron":9,"minecraft:stone_shovel":1,"minecraft:jukebox":1,"simplyswords:iron_twinblade":4,"simplyswords:iron_spear":1,"minecraft:furnace":2,"spartanshields:copper_basic_shield":2,"minecraft:raw_copper_block":13,"minecraft:flint_and_steel":5,"minecraft:oak_trapdoor":20,"minecraft:iron_axe":3,"minecraft:stone_pickaxe":1,"realistictorches:unlit_torch":36,"minecraft:dark_oak_planks":32,"minecraft:bowl":40,"minecraft:stone_axe":2,"minecraft:air":0,"minecraft:oak_boat":2,"minecraft:white_wool":6,"minecraft:raw_gold":45,"minecraft:andesite_slab":102,"minecraft:iron_shovel":3,"minecraft:white_bed":2,"minecraft:acacia_planks":20,"twm:copper_pickaxe":4},"minecraft:picked_up":{"minecraft:music_disc_strad":2,"twm:copper_pickaxe":8,"minecraft:chainmail_boots":2,"twm:copper_sword":5,"minecraft:amethyst_block":116,"minecraft:string":37,"minecraft:dead_tube_coral_block":3,"minecraft:raw_copper":517,"minecraft:deepslate_tiles":38,"minecraft:cobbled_deepslate":204,"minecraft:cobblestone_slab":19,"minecraft:calcite":120,"minecraft:azalea":4,"minecraft:wooden_shovel":5,"minecraft:iron_pickaxe":22,"minecraft:melon_slice":54,"minecraft:tipped_arrow":12,"minecraft:stick":71,"minecraft:oak_fence":36,"arphex:maggot_grub":3,"minecraft:diorite":140,"arphex:bloodworm_grub":2,"minecraft:rotten_flesh":32,"minecraft:music_disc_ward":1,"minecraft:cyan_terracotta":5,"minecraft:white_terracotta":20,"minecraft:snowball":571,"minecraft:cobblestone":362,"minecraft:birch_log":52,"minecraft:feather":7,"minecraft:birch_slab":7,"minecraft:andesite":66,"minecraft:dark_oak_boat":3,"minecraft:powder_snow_bucket":1,"arphex:ectoplasm":4,"minecraft:flint":6,"minecraft:prismarine_bricks":5,"minecraft:tuff":27,"minecraft:lapis_lazuli":327,"minecraft:dirt":469,"twm:copper_shovel":10,"minecraft:bone":32,"minecraft:gray_terracotta":8,"minecraft:bow":8,"minecraft:raw_gold":45,"minecraft:cobbled_deepslate_slab":24,"minecraft:rabbit":7,"minecraft:moss_block":34,"minecraft:prismarine":11,"minecraft:oak_planks":646,"minecraft:music_disc_13":1,"minecraft:oak_pressure_plate":3,"minecraft:sand":13,"minecraft:ink_sac":4,"minecraft:dark_oak_log":19,"minecraft:dark_prismarine":7,"simplyswords:iron_twinblade":13,"spartanshields:copper_basic_shield":1,"minecraft:blue_terracotta":5,"minecraft:diamond":11,"minecraft:writable_book":1,"minecraft:dead_brain_coral_block":7,"minecraft:blue_ice":1,"minecraft:granite":127,"minecraft:bone_meal":22,"minecraft:golden_apple":1,"minecraft:rooted_dirt":4,"minecraft:oak_sapling":108,"minecraft:andesite_slab":7,"minecraft:crafting_table":3,"minecraft:clay_ball":148,"minecraft:wooden_pickaxe":4,"minecraft:dead_horn_coral_block":5,"minecraft:shield":1,"minecraft:oak_trapdoor":27,"minecraft:iron_axe":12,"minecraft:flint_and_steel":19,"minecraft:iron_shovel":12,"minecraft:candle":17,"minecraft:music_disc_otherside":2,"minecraft:beef":6,"minecraft:oak_boat":6,"minecraft:cyan_wool":1,"twm:copper_axe":18,"minecraft:chest":57,"minecraft:birch_sapling":1,"minecraft:raw_copper_block":10,"minecraft:egg":1,"minecraft:lime_wool":1,"minecraft:dark_oak_sapling":2,"minecraft:raw_iron":93,"minecraft:raw_gold_block":5,"minecraft:copper_ingot":3,"minecraft:bowl":22,"minecraft:music_disc_mellohi":1,"minecraft:redstone":1,"minecraft:drowned_spawn_egg":1,"minecraft:arrow":49,"minecraft:stone_shovel":1,"minecraft:deepslate_bricks":92,"minecraft:gold_ingot":1,"minecraft:mutton":3,"simplyswords:iron_katana":1,"minecraft:golden_carrot":5,"minecraft:leather":18,"minecraft:red_mushroom":1,"minecraft:birch_planks":14,"minecraft:ice":2,"minecraft:mushroom_stew":67,"minecraft:oak_log":349,"minecraft:gunpowder":26,"man:cassette_1safetyinstructions":1,"minecraft:cooked_mutton":1,"minecraft:apple":11,"minecraft:rabbit_hide":5,"minecraft:iron_ingot":7,"arphex:burning_glands":4,"minecraft:stone_pickaxe":15,"spartanshields:wooden_basic_shield":1,"simplyswords:iron_spear":1,"minecraft:iron_sword":4,"minecraft:flowering_azalea":2,"minecraft:oak_slab":778,"minecraft:smooth_basalt":35,"minecraft:pumpkin":5,"minecraft:sweet_berries":3,"minecraft:budding_amethyst":1,"minecraft:dripstone_block":32,"minecraft:spyglass":1,"minecraft:raw_iron_block":1,"minecraft:gravel":150,"minecraft:dead_fire_coral_block":2,"minecraft:amethyst_shard":11,"minecraft:spruce_sapling":11,"minecraft:white_bed":2,"minecraft:spruce_log":28,"minecraft:spider_eye":8,"minecraft:leather_helmet":2,"minecraft:pumpkin_seeds":1,"minecraft:dried_kelp_block":1,"minecraft:white_concrete_powder":19,"minecraft:stone_axe":1,"realistictorches:unlit_torch":21,"minecraft:dead_bubble_coral_block":5,"minecraft:terracotta":30,"minecraft:coal":56},"minecraft:mined":{"minecraft:white_bed":2,"minecraft:oak_sapling":4,"minecraft:granite":101,"minecraft:budding_amethyst":9,"minecraft:grass_block":253,"minecraft:deepslate_bricks":63,"minecraft:bubble_coral_block":4,"minecraft:tall_seagrass":1,"minecraft:raw_iron_block":1,"minecraft:iron_ore":60,"minecraft:fire":10,"minecraft:pumpkin":5,"minecraft:deepslate_lapis_ore":14,"minecraft:azalea":1,"minecraft:brain_coral_block":3,"minecraft:gray_terracotta":8,"minecraft:cyan_terracotta":5,"minecraft:dead_bubble_coral_block":1,"minecraft:deepslate_tile_slab":2,"minecraft:powder_snow":17,"minecraft:clay":31,"minecraft:calcite":70,"minecraft:melon":10,"minecraft:chest":41,"minecraft:cobblestone":8,"realistictorches:torch_wall":2,"minecraft:prismarine":11,"minecraft:oak_planks":56,"minecraft:amethyst_block":91,"minecraft:deepslate_copper_ore":20,"minecraft:white_terracotta":15,"minecraft:blue_terracotta":4,"minecraft:birch_log":42,"minecraft:blue_ice":18,"minecraft:oak_log":299,"minecraft:dark_oak_sapling":1,"minecraft:sand":12,"minecraft:dirt":72,"minecraft:smooth_basalt":29,"minecraft:raw_copper_block":3,"minecraft:oak_leaves":55,"minecraft:horn_coral_block":2,"minecraft:deepslate":89,"minecraft:dark_prismarine":7,"minecraft:deepslate_tiles":37,"minecraft:tuff":19,"minecraft:deepslate_diamond_ore":9,"minecraft:dark_oak_log":10,"minecraft:cobbled_deepslate_slab":14,"minecraft:birch_slab":8,"minecraft:spruce_leaves":1,"minecraft:moss_block":34,"minecraft:rooted_dirt":4,"minecraft:white_concrete_powder":19,"realistictorches:torch":3,"minecraft:oak_trapdoor":9,"minecraft:raw_gold_block":5,"minecraft:andesite":55,"minecraft:cobblestone_slab":13,"minecraft:deepslate_iron_ore":14,"minecraft:packed_ice":26,"minecraft:stone":267,"minecraft:fire_coral_block":2,"minecraft:podzol":36,"minecraft:oak_slab":390,"minecraft:snow_block":101,"minecraft:oak_fence":3,"minecraft:crafting_table":3,"minecraft:andesite_slab":53,"minecraft:copper_ore":93,"minecraft:deepslate_coal_ore":2,"minecraft:dried_kelp_block":2,"minecraft:deepslate_gold_ore":6,"minecraft:diorite":81,"minecraft:prismarine_bricks":3,"minecraft:birch_planks":4,"minecraft:ice":1,"minecraft:spruce_log":26,"minecraft:dead_brain_coral_block":1,"minecraft:coal_ore":31,"minecraft:gravel":125,"minecraft:dripstone_block":32,"minecraft:terracotta":18,"minecraft:gold_ore":24},"minecraft:custom":{"minecraft:interact_with_crafting_table":151,"minecraft:leave_game":20,"minecraft:time_since_death":46465,"minecraft:damage_resisted":4,"minecraft:sprint_one_cm":1512992,"minecraft:damage_blocked_by_shield":2070,"minecraft:drop":54,"minecraft:play_time":530966,"minecraft:deaths":46,"minecraft:jump":1090,"minecraft:walk_on_water_one_cm":7221,"minecraft:interact_with_furnace":70,"minecraft:play_record":4,"minecraft:sleep_in_bed":6,"minecraft:damage_dealt":26073,"minecraft:crouch_one_cm":335962,"minecraft:mob_kills":136,"minecraft:damage_dealt_resisted":242,"minecraft:walk_one_cm":562924,"minecraft:sneak_time":100438,"minecraft:walk_under_water_one_cm":37586,"minecraft:boat_one_cm":2288,"minecraft:total_world_time":530966,"spartanshields:shield_bash_hits":2,"minecraft:interact_with_stonecutter":2,"minecraft:time_since_rest":39588,"minecraft:damage_taken":10016730,"minecraft:damage_absorbed":800,"minecraft:swim_one_cm":23596,"minecraft:fly_one_cm":270657,"minecraft:open_chest":829,"minecraft:fall_one_cm":14376},"minecraft:killed":{"minecraft:spider":25,"minecraft:skeleton":10,"the_knocker:knocker":4,"minecraft:chicken":1,"arphex:ant_arsonist":1,"minecraft:wolf":6,"arphex:spider_larvae_tiny":4,"bwrtherain:spider_skull":14,"minecraft:creeper":13,"minecraft:sheep":1,"minecraft:goat":3,"minecraft:zombie":16,"minecraft:mooshroom":2,"minecraft:stray":9,"arphex:silverfish_spectre":2,"the_rake:the_rake":1,"arphex:hornet_harbinger":1,"arphex:blood_worm":2,"arphex:scorpion_larvae":2,"the_knocker:knockerstalklooked":3,"minecraft:rabbit":11},"minecraft:dropped":{"minecraft:iron_sword":1,"minecraft:flint":1,"minecraft:iron_pickaxe":3,"twm:copper_axe":3,"minecraft:gravel":1,"minecraft:stone_axe":2,"simplyswords:iron_twinblade":1,"minecraft:rotten_flesh":3,"minecraft:oak_planks":34,"twm:copper_shovel":2,"minecraft:chest":1,"minecraft:arrow":3,"spartanshields:copper_basic_shield":1,"minecraft:oak_slab":15,"man:cassette_1safetyinstructions":2,"realistictorches:unlit_torch":1,"minecraft:smooth_basalt":1,"minecraft:oak_trapdoor":6,"minecraft:bowl":5,"minecraft:raw_iron":1,"minecraft:flint_and_steel":4,"minecraft:andesite":1,"minecraft:oak_sapling":1,"minecraft:wooden_shovel":4,"minecraft:wooden_pickaxe":5,"minecraft:bow":1,"minecraft:stone_pickaxe":9},"minecraft:broken":{"minecraft:leather_helmet":1,"minecraft:iron_pickaxe":1},"minecraft:killed_by":{"the_rake:the_rake":3,"bwrtherain:vapor":1,"rolling_giant:angry_rolling_giant":3,"bwrtherain:spider_skull":1,"vivilly_dweller:vivilly_dweller":2,"rolling_giant:rolling_giant_moving":3,"torture:torture":5,"kim_dweller:kim_dweller":2,"minecraft:player":1,"arphex:scorpion_larvae":1,"minecraft:spider":1,"arphex:hornet_harbinger":1,"minecraft:mooshroom":2,"cartoon_dweller:cartoon_dweller":5,"minecraft:skeleton":2,"mokey:mokey":4}},"DataVersion":3120}