{"stats":{"minecraft:broken":{"minecraft:leather_helmet":1},"minecraft:mined":{"minecraft:oak_sapling":3,"minecraft:granite":28,"minecraft:grass_block":166,"minecraft:birch_slab":6,"minecraft:oak_trapdoor":1,"minecraft:iron_ore":29,"minecraft:fire":6,"minecraft:andesite":20,"minecraft:pumpkin":5,"minecraft:cobblestone_slab":10,"minecraft:azalea":1,"minecraft:stone":138,"minecraft:podzol":33,"minecraft:oak_slab":58,"minecraft:powder_snow":1,"minecraft:clay":28,"minecraft:crafting_table":1,"minecraft:calcite":19,"minecraft:melon":9,"minecraft:chest":21,"minecraft:cobblestone":2,"minecraft:copper_ore":52,"realistictorches:torch_wall":1,"minecraft:oak_planks":8,"minecraft:diorite":31,"minecraft:amethyst_block":28,"minecraft:birch_planks":3,"minecraft:birch_log":37,"minecraft:oak_log":158,"minecraft:coal_ore":24,"minecraft:dirt":54,"minecraft:gravel":67,"minecraft:smooth_basalt":6,"minecraft:oak_leaves":16},"minecraft:used":{"minecraft:azalea":1,"minecraft:oak_trapdoor":7,"minecraft:writable_book":1,"minecraft:flint_and_steel":4,"minecraft:stone_shovel":17,"minecraft:chest":13,"minecraft:wooden_shovel":39,"minecraft:dirt":9,"twm:copper_shovel":79,"minecraft:golden_carrot":2,"minecraft:oak_sapling":21,"minecraft:furnace":1,"minecraft:egg":1,"twm:copper_axe":160,"minecraft:cooked_mutton":1,"minecraft:water_bucket":1,"minecraft:birch_planks":4,"minecraft:stone_pickaxe":83,"minecraft:oak_planks":9,"minecraft:wooden_pickaxe":14,"minecraft:cobblestone_slab":26,"minecraft:oak_slab":606,"minecraft:crafting_table":2,"minecraft:mushroom_stew":8,"minecraft:lightning_rod":2,"minecraft:oak_log":6,"minecraft:birch_slab":11,"minecraft:oak_pressure_plate":3,"minecraft:stone_axe":102,"minecraft:cobblestone":2,"minecraft:birch_log":1,"minecraft:bucket":1,"minecraft:oak_boat":2,"twm:copper_pickaxe":312,"realistictorches:unlit_torch":27},"minecraft:dropped":{"minecraft:oak_slab":14,"man:cassette_1safetyinstructions":2,"minecraft:gravel":1,"minecraft:stone_axe":2,"minecraft:raw_iron":1,"minecraft:andesite":1,"minecraft:chest":1,"minecraft:wooden_shovel":4,"minecraft:stone_pickaxe":1,"minecraft:wooden_pickaxe":5},"minecraft:crafted":{"minecraft:oak_planks":540,"minecraft:cobblestone_slab":18,"twm:copper_axe":2,"minecraft:stone_shovel":1,"simplyswords:iron_twinblade":1,"minecraft:oak_pressure_plate":3,"minecraft:lightning_rod":2,"minecraft:birch_slab":6,"minecraft:furnace":1,"twm:copper_shovel":3,"minecraft:oak_trapdoor":6,"minecraft:flint_and_steel":2,"minecraft:stone_pickaxe":1,"realistictorches:unlit_torch":36,"minecraft:oak_slab":588,"minecraft:crafting_table":1,"minecraft:wooden_pickaxe":1,"minecraft:bowl":8,"minecraft:copper_ingot":32,"minecraft:birch_planks":48,"minecraft:stone_axe":2,"minecraft:air":0,"minecraft:oak_boat":1,"minecraft:stick":24,"minecraft:iron_ingot":24,"minecraft:stone_sword":1,"twm:copper_pickaxe":2},"minecraft:killed_by":{"minecraft:spider":1,"the_rake:the_rake":1,"minecraft:mooshroom":2,"cartoon_dweller:cartoon_dweller":3,"vivilly_dweller:vivilly_dweller":1,"rolling_giant:rolling_giant_moving":1,"mokey:mokey":2,"kim_dweller:kim_dweller":1},"minecraft:killed":{"minecraft:spider":4,"minecraft:rabbit":11,"minecraft:creeper":3,"minecraft:sheep":1,"minecraft:zombie":9,"minecraft:mooshroom":2},"minecraft:picked_up":{"minecraft:crafting_table":1,"twm:copper_pickaxe":6,"minecraft:chainmail_boots":1,"minecraft:clay_ball":120,"minecraft:wooden_pickaxe":4,"minecraft:amethyst_block":35,"minecraft:oak_trapdoor":1,"minecraft:string":13,"minecraft:raw_copper":294,"minecraft:flint_and_steel":2,"minecraft:beef":6,"minecraft:cobblestone_slab":11,"minecraft:oak_boat":1,"minecraft:cyan_wool":1,"twm:copper_axe":7,"minecraft:calcite":24,"minecraft:azalea":3,"minecraft:wooden_shovel":5,"minecraft:melon_slice":47,"minecraft:chest":27,"minecraft:birch_sapling":1,"minecraft:egg":1,"minecraft:lime_wool":1,"minecraft:stick":21,"minecraft:raw_iron":38,"minecraft:bowl":2,"minecraft:diorite":70,"minecraft:rotten_flesh":9,"minecraft:stone_shovel":1,"minecraft:mutton":3,"minecraft:cobblestone":172,"minecraft:birch_log":45,"minecraft:feather":4,"minecraft:birch_slab":6,"minecraft:andesite":29,"minecraft:leather":18,"minecraft:red_mushroom":1,"minecraft:birch_planks":13,"minecraft:mushroom_stew":24,"minecraft:flint":2,"minecraft:oak_log":158,"minecraft:gunpowder":3,"minecraft:dirt":292,"twm:copper_shovel":4,"man:cassette_1safetyinstructions":1,"minecraft:cooked_mutton":1,"minecraft:apple":6,"minecraft:rabbit_hide":5,"minecraft:stone_pickaxe":1,"minecraft:rabbit":7,"minecraft:oak_planks":87,"minecraft:flowering_azalea":1,"minecraft:oak_slab":201,"minecraft:smooth_basalt":6,"minecraft:pumpkin":5,"minecraft:gravel":84,"minecraft:amethyst_shard":11,"minecraft:spider_eye":1,"minecraft:leather_helmet":2,"minecraft:pumpkin_seeds":1,"minecraft:stone_axe":1,"realistictorches:unlit_torch":3,"minecraft:granite":43,"minecraft:oak_sapling":38,"minecraft:coal":44},"minecraft:custom":{"minecraft:mob_kills":30,"minecraft:interact_with_crafting_table":50,"minecraft:damage_dealt_resisted":5,"minecraft:time_since_death":20440,"minecraft:leave_game":5,"minecraft:sprint_one_cm":207977,"minecraft:walk_one_cm":217074,"minecraft:drop":19,"minecraft:play_time":131756,"minecraft:deaths":14,"minecraft:sneak_time":31946,"minecraft:walk_under_water_one_cm":1005,"minecraft:boat_one_cm":1400,"minecraft:jump":154,"minecraft:walk_on_water_one_cm":552,"minecraft:total_world_time":131756,"minecraft:interact_with_furnace":24,"minecraft:time_since_rest":20467,"minecraft:damage_taken":4258,"minecraft:damage_absorbed":720,"minecraft:damage_dealt":4104,"minecraft:fly_one_cm":25330,"minecraft:open_chest":270,"minecraft:crouch_one_cm":94491,"minecraft:fall_one_cm":2272}},"DataVersion":3120}